<?xml version="1.0" encoding="utf-8"?>

<!--
/**
 * @author Bartosz Kubicki <bartosz.kubicki@lizardmedia.pl>
 * @copyright Copyright (C) 2018 Lizard Media (http://lizardmedia.pl)
 */
-->


<config xmlns:xsi="http://www.w3.org/2001/XMLSchema-instance"
        xsi:noNamespaceSchemaLocation="urn:magento:framework:DataObject/etc/fieldset.xsd">
    <scope id="global">
        <fieldset id="downloadable_data">
            <field name="attachment_id">
                <aspect name="to_attachment" targetField="id"/>
            </field>
            <field name="attachment_type">
                <aspect name="to_attachment" targetField="attachment_type"/>
            </field>
        </fieldset>
    </scope>
</config>